rsid	chrom	position	a1	a2
rs3094315	1	752566	G	A
rs3131972	1	752721	A	G
rs12124819	1	776546	A	G
rs11240777	1	798959	G	A
rs6681049	1	800007	C	T
rs4970383	1	838555	C	A
rs4475691	1	846808	C	T
rs7537756	1	854250	A	G
rs1110052	1	873558	T	G
rs2272756	1	881627	A	G
rs3748597	1	888659	C	T
rs13303106	1	891021	G	A
rs28415373	1	903175	C	T
rs13303118	1	908247	A	C
rs7512749	1	913914	A	G
rs4970405	1	919739	A	G
rs3748598	1	934342	G	A
rs4246503	1	949654	A	G
rs2340582	1	960613	G	A
rs6603785	1	971421	G	A
rs10907185	10	61689	A	G
rs4881551	10	75813	A	G
rs10904494	10	83130	T	A
rs7917054	10	95555	G	A
rs11253562	10	106857	A	G
